姓名,马教官,石教官
张小明,测试1（也是被你们找到彩蛋了哈😄）,测试2（祝看到的人好运连连💐）
韩羽菲,你的身上总是热情似火，仿佛永远不知疲倦。在太阳底下你的动作是最标准的一个，虽然有时候有些许调皮，为了维持整个队伍的秩序我不得不批评一下你。你能在特色方阵中展现自我很好，希望你继续努力，锤炼自身本领，未来可期！加油！👍,愿你眼里星光不灭，心里热望不减，走到哪里都明亮；愿你带着这份滚烫，奔赴属于你的山海，一路生花，所遇皆温柔。
罗芊荟,该严肃的时候能做到一本正经，休息的时候又十分幽默风趣，是我们队伍里的开心果一枚😄,罗同学，也是蛮开朗的嘛，在队伍里面也嘻嘻哈哈的，活泼一点对于未来挺好的。加油，希望你能够越来越好！
潘多多,你的名字很有特色，我一下子就记住了，训练认真刻苦，遇到指正也能虚心接受，进步很快，加油！💪,潘多多同学，我第一次听到你的名字还联想到的是洛克王国。人蛮认真的，加油，希望你未来能够心想事成。
周雨萱,虽然一开始的时候总是有些不适应，但是随着训练的进行你的动作越来越标准，非常不错👍,周同学嘻嘻，进步很大很大，最初踏步都不齐到后面齐步也能够走起，真的很棒。加油，相信你未来越来越好。
曾梦洁,愿你行过山海，眼里的光依然不灭；愿你走过四季风霜，依旧温热明亮，步步都是好风景，岁岁都安然。,曾梦洁同学，看着高冷的外表下也是蛮活泼的嘛。希望你未来越来越好，心想事成，加油。
范慧敏,从一开始站不稳，摇摇晃晃，到现在稳稳当当身姿挺拔，你是我们心中优秀的小小兵👍继续加油，未来可期🎉,范同学，队列动作进步很大，希望你未来自信一些，你很棒的，把头抬起来，希望你未来越来越好，加油。
龙艳萍,愿你以梦为马，不负韶华；愿你历经千帆，眼里依然有星辰，心中有山海，一生明朗如初，被世界温柔以待。,龙同学话貌似不多，还是很努力的，队列动作也是完成的越来越佳，希望你未来越来越好，心想事成，加油。
苏萍,愿你所求皆如愿，所行化坦途，所遇皆温柔；愿你走得从容，笑得坦然，往后的每一步都不慌不忙，岁岁皆欢愉。,愿你怀一份笃定，携一身从容；愿你脚下有风，眼里有光，走好往后每一程，所愿皆能成真，日子安稳又明亮。
黄思慧,愿你历经千帆，归来仍是少年；愿你心有山海，静而无边，脚下的路越走越宽，笑靥常开，平安喜乐。,愿你被岁月温柔以待，眉眼舒展；愿你心有所安，梦有所归，笑靥常开，日子清欢有味，一生被人珍重。
李亚珍,愿你此去山高水长，一路皆是好风光；愿你所到之处皆有暖阳，所遇之人皆为良善，前程似锦，一生顺遂。,李亚珍，这个名字好像是我在队列里面经常喊的。你还是很努力的，虽然确实队列动作稍差一些，但是这有啥，又不是靠这个吃饭，但是你的韧劲是你的宝藏。加油，希望你未来一切都好！
刘若诗,生活如诗，岁月如画。愿你未来的每一天都充满阳光和欢笑，平安喜乐，岁岁无忧，训练得不错哦😁,很有诗意的名字，祝你未来的生活也如名字一样，若诗如诗，希望你未来一切都好。
詹秀姣,愿你不惧风雨，向阳而生，一路繁花相送；愿你心有所期，忙而不茫，往后皆是好天气，所遇皆欢喜。,詹同学做动作很认真
李芝彤,愿你有前程可奔赴，亦有岁月可回首；愿你眼中总有光芒，活成自己喜欢的模样，所行皆坦途，所愿皆成真。,愿你行得稳，也走得远；愿你想要的都如愿，想做的都做全，一路有风有景，把日子过成心里想的那个样子。
谢静,热情开朗，活泼阳光，你总是能为我们推荐各种好吃好喝的（真的特好吃！）哈哈哈，给我们带来很多快乐和惊喜，感谢你的肯定和支持，祝你生活愉快，天天开心！专升本加油💪,开朗的谢静同学，队伍里有你真的让人很开心，也很喜欢和你聊天。你说话总是风趣、表情丰富。但更多我看到的是你身上那种韧劲，那天肚子那么疼还在坚持。希望未来你能好好发展，爱笑的女生运气不会差嘛！
杨佳仪,愿你所到之处遍地阳光，所遇之人皆为良善；愿你心怀热忱，奔赴山海，日子明朗又坦荡，万事胜意，笑口常开。,愿你前路浩浩荡荡，万事尽可期待；愿你从容不迫，步步生香，往后有清风明月相伴，日日安稳，事事顺心。
邹子庆,“标兵”同志，你的动作要领掌握得非常到位，第一天就能明显看出你是有功底的，每一次训练你都能认真对待，排练时我们在台下为你喝彩。脸上总是洋溢着灿烂的笑容，让人如沐春风，希望你继续保持这份热忱，不断进步，期待你在未来的表现！👍（昨天看到信里面写居然每次动都没打报告，机灵鬼来的😁）,致标兵同志，你很优秀，气场气质都很棒，拉丁也跳的很好，先是希望你能够考级成功，登上更多舞台。更多是希望你在未来为梦想奋斗，相信你能够做到专升本，不管未来选择哪条路，我保证你能够做好，加油！
曹钦钰,愿你往后岁月，清风明月，皆是坦途；愿你脚踏实地，也仰望星空，把日子过得有滋有味，所愿皆成，越来越好。,愿你心里装着山海，也守着人间烟火；愿你不慌不忙，把每个平凡日子都过出滋味，所行皆顺，所遇皆暖。
曾佳欣,愿你披荆斩棘，终见繁花，所愿皆有回响；愿你心有暖阳，何惧风霜，越活越舒展，坦坦荡荡，一生明亮。,愿你此后光明磊落，坦坦荡荡；愿你越活越舒展自在，一路顺风顺水，年年胜意，笑口常开。
李丽敏,愿你心中有丘壑，眉目有山河，行止自从容；愿你眼里藏着星海，脚下踏着清风，日子清朗明亮，所遇皆温柔。,愿你心有清辉，无畏风雨；愿你未来的路一片清朗，走得从容，也走得长远，所遇皆是好风景。
罗素灵,愿你三冬暖，春不寒，天黑有灯，下雨有伞；愿你往后有山可靠，有树可栖，日子温暖有趣，年年胜意，事事顺心。,愿你在人间烟火里，活得温柔而坚定；愿你三餐有味，四季有景，日日安稳，岁岁无忧，被这世界好好善待。
卢琦,愿你一生努力，一生被爱，想要的都拥有；愿你走过的路都开满花，做过的事都得圆满，事事顺心，所行皆坦。,愿你走过的路都算数，流过的汗都有回甘；愿你步步生莲，事事顺心，往后皆是坦途，一切都越来越好。
邵敏,愿你今朝晴朗，来日方长，万事皆胜意；愿你心里常有热望，脚下常有坦途，日子过得热热闹闹，所遇皆欢喜。,邵敏同学老开朗了，就是踏步经常踏不齐，没关系了，军训结束了欧耶，希望你未来能够越来越好，万事如意！
吴晓诗,愿你心有暖阳，何惧风霜，一路芬芳；愿你眼里有星辰，脚下有远方，日子清朗明亮，所行皆顺意，平安喜乐。,吴同学文文静静的，训练却一点不含糊。愿你往后安稳又精彩，喜欢的都拥有！
肖雨晨,愿你不争不抢，自有岁月打赏；愿你心里有光，脚下有路，日子安然又自在，所遇皆善意，年年胜意。,肖同学一直认真跟上，进步挺大。愿你往后的路越走越宽，前程一片好光景！
曹奕玲,愿你往后所行，皆是心之所向；愿你所求皆有回响，所盼皆能如愿以偿，一路顺遂，被温柔以待。,经常喊错名字，对不起＞人＜，曹同学还是很认真的，希望你未来能够实现自己的目标，加油
李悦,每次站在排头都能看到标的很齐，是我们队伍不可或缺的一份子👍，继续保持哦，祝你生活愉快，万事如意🍀,排头不易，但李悦你完成的很好，希望你在未来也能保持这股认真劲，加油，祝你开心又成功！
易婷婷,总是感觉你时刻带着微笑，我不知道是应该批评你还是应该表扬你😂，这也是你的乐观特质。动作不错，继续加油哦！,易婷婷同学很认真的，之前动作稍微差点，但是能够越做越好，希望未来保持这股干劲，祝你开心快乐每一天！
赵思琪,还记得一开始以为你手上拿的纸片，仔细看才发现是美甲，做得很精美哈哈，动作要领掌握得很好，在队列里面表现出色👍,蓝色的指甲，闪耀的钻石💎，凭借这个记住了活泼的赵思琪同学，平常在队列里嘻嘻哈哈的，看我的眼神又老凶了，希望你未来开心快乐！
陈嘉怡,愿你三餐四季，温暖有趣；愿你把平凡的日子过得活色生香，所遇皆欢喜，所行皆坦途，平安喜乐。,黄黄的头发是陈嘉怡，能够通过我的预选去打靶说明很棒了，队列里你也很认真，希望未来保持这种积极向上的心态，天天开心！
彭艺萱,愿你一生清澈明朗，做想做的事，爱想爱的人；愿你每一步都走得自信从容，所愿皆成，前程似锦。,没能拍上照片，sorry，彭同学整体还是很认真的，但我希望你未来能够更自信一些，“把头抬起来”，你很棒的👍🏻，祝你天天开心。
吴慧珍,愿你有诗有梦，有坦途也有繁花；愿你被岁月温柔以待，眉眼舒展，日子清欢又热烈，一切都好。,愿你的日子踏实又精彩，好运常伴；愿你笑意常在，岁岁安然，遇见的都是温柔，拥有的都长久。
向婧怡,愿你眉眼舒展，岁月无忧，岁岁常欢愉；愿你眼中有星辰，心中有远方，每一步都走得从容，年年胜意，皆如所愿。,愿你稳稳当当往前走，一路顺遂；愿你心有所向，行有所达，所愿皆成，所行皆坦，年年岁岁都平安。
蒋琼,愿你心有繁星，沐光而行，不惧路长夜凉；愿你保持这份热忱与明朗，把日子过得有滋有味，所行皆坦途，所遇皆温柔。,蒋琼同学很认真，性格也很活泼，希望你在未来能够继续保持，祝你学业有成，生活快乐！
李佳怡,愿你与世界交手多年，依然满怀期待与热忱；愿你日子热烈又明亮，所行皆坦途，所遇皆温柔，永远年轻。,排头，最有劲的排头，很喜欢李同学踏步时那种劲劲的感觉，每件事都如此认真的话，你未来一定能够成功。相信你，希望你未来越来越好！
廖璟瑄,你的名字很好听，问了你两次才记住哈哈，很高兴认识你，希望你每天都开心，一切顺利！😊,璟瑄，很美丽的名字，像仙剑三。对不起，经常喊错你，但是我现在记住了，我还记住要少吃叫了个炸鸡，以后吃炸鸡的时候都会想到廖同学的忠告。希望你未来一切都好，心想事成，加油！
袁紫钰,愿你历经山河，眉眼带笑；愿你眼中有星辰，心中有暖阳，往后尽是坦途，所求皆如愿，被这世界温柔以待。,袁同学在排尾，虽然动作稍微差了点，但从没有摆烂，依然认真跟上排面，这样的品质才是最可贵的，希望你未来越来越好，加油。
何智琳,愿你踏过千重浪，仍觉人间值得；愿你眼里常有暖意，心中有光，往后的路越走越开阔，所求皆如愿，一生明朗。,愿你往后的每一步，都走得笃定又从容；愿你心之所向，皆是坦途，眼中的光不灭，脚下的路不倦。
刘伊梦,愿你不负韶华，不负自己，岁岁皆平安；愿你脚下的路越走越宽，一路顺遂，始终被这世界温柔以待。,愿你所行皆自在，一路从容；愿你无忧无惧，所遇皆良人，把日子过成喜欢的模样，年年胜意，岁岁安然。
石可颐,很认真，很努力，站在排头很显眼哈哈像大姐大一样很酷。军训辛苦了，希望你以后更加优秀，更加自信，前程似锦！😊,石同学，我的本家人，来这的第一天便记住了这个名字，后面发现你就是那个认真且动作标准的排头。你是很有个性的，我觉得这酷毙了，但是也希望你能够在生活或者是学业上能有所成，希望你天天看心，心想事成！
易嘉玲,名字很有数学气息，玄妙高深的感觉。祝你学业有成，天天开心，做好自己就好啦👍,1+0，数学题，嘻嘻，记了很久的名字被你的数学题一下就让我记住了，队列里面很认真，希望你未来能够越来越好，加油。
陈语嫣,愿你未来可期，人间值得，万事顺遂；愿你往后的路越走越宽，眼里常有晴空，所遇皆善意，一生明朗。,陈同学文文静静，训练却一点不含糊。愿你往后的日子过成自己喜欢的样子，平安喜乐！
黄芷淇,愿你往后有山可靠，有树可栖，有人可依；愿你眼中有星辰，心中有暖阳，日子安稳又明亮，事事顺心，年年胜意。,愿这份从容陪你走得长远；愿你眼里有风景，心里有热爱，一切都顺你的意，所行皆坦途，所遇皆温柔。
詹雅,勇气，毅力，决心，信念。你很努力，追求进步，不放过每一个机会提升自己，这种精神值得称赞，继续保持下去哦😉,詹雅能够做到想打靶就把手举起来让我很钦佩，很多同学连这点勇气都没有，希望你未来能够天天开心，心想事成！
陈缨,愿你常开心，常欢喜，无灾无难；愿你日子稳稳当当又亮堂，所愿皆成，所行皆顺，年年胜意。,陈同学蛮踏实的，训练从不糊弄。愿你的生活稳稳当当又亮堂，年年胜意！
邓意怡,愿你以清净心看世界，以欢喜心过生活；愿你往后皆是好风景，所遇皆善意，岁月安然，平安喜乐。,愿你往后的路越走越宽，所遇皆善意；愿你眼里常有晴空，脚下常有坦途，岁月安然，喜乐常随。
杨霞,愿你所遇皆良人，所行皆坦途，所愿皆成真；愿你的日子越过越甜，笑口常开，眼里常有光，万事胜意，岁岁安然。,愿你的日子越过越甜，想要的不落空；愿你笑口常开，心里常暖，所遇皆是好事，所得皆是欢喜。
胡凛,虽然基本没有参训，不过还是祝福你一切顺利，前程似锦！🎉,愿你往后一切顺利，平平安安；愿你顺顺当当，前程似锦，遇见的都是善意，拥有的都长久。
刘应波,性格很调皮，总是喜欢在队列里面搞怪，是我眼中的捣蛋鬼😜，不过有时候又很风趣，让人哭笑不得，把你这份机灵带到学习中吧哈哈哈。,“三只松鼠”里最乖的那个，有贼心没贼胆的那个。我挺看好你的，说话幽默，该认真时就认真，这点很棒，有个性是好的，但是也要审时度势。哎呀，希望你未来认真一些，事业有成好吧，加油，相信你！
唐溟,加油哦，你总是活泼开朗，能做到令行禁止，真的很棒👍希望你继续保持，在未来的发展中越来越好，前程似锦🎉,还说什么了，老弟。听到你以前成绩很棒后来因为一些原因落下，我很惋惜，作为大你几岁的哥哥吧，希望你还是能够把事业放在心中，不要虚度光阴，追求快乐是人之常情，希望你能够开心快乐还能事业有成，加油。以后有机会还带你吃烤肠！
姚磊,深藏不露的二次元大佬哈，平时不显山不露水，关键时刻一鸣惊人👍能做出自己的作品真的很厉害，继续加油呀😉,听说你在B站上还有三万粉丝呢，可以可以，希望你能够把账号越做越火，加油。
张涵,就算是在踏步中跟不上，也不放弃，继续努力，最后效果也不错啊，我相信只要坚持下去，你一定会越来越好，越来越棒！💪加油哦😄,张涵同学虽然队列动作差了些，但是很认真，也在积极学习，希望你未来能够越来越好！
莫明灏,第一天我就问了你名字两次，一开始天天穿自己的鞋👟。训练虽然不是很认真，但是很听话，执行力不错，要是你每天训练真能当上标兵👍（开玩笑的，已经很棒了😄）,致我的预选标兵，其实我蛮看好你的，动作在男生里面还可以，但竟然抽烟被抓了，倒也不是啥大事，有个性在未来不是一件坏事，只是在军训这个环节我们立场不同罢了。建议少抽点烟，对身体不好。祝你天天开心，心想事成！
王泽昊,愿你眼里长着太阳，笑里全是坦荡；愿你心中有梦，脚下有路，每一步都走得稳稳当当，前程似锦，一切都好。,愿你往后的每一步都走得稳当；愿你皆如所愿，一切安好，心里常亮堂，脚下的路越走越宽敞。
许志飞,愿你风雨过后，终见彩虹；愿你走过的路都算数，付出的都有回甘，所行皆坦途，未来可期。,许同学一直认真跟上，进步看在眼里。愿你所行皆坦途，日子越过越有盼头！
易航,努力认真是我对你的印象，作为一名此前无基础的标兵，你在军训中展现出来的毅力和耐力让人钦佩，在训练中严谨认真，要求严格。你的性格注定以后发展可期，继续加油，未来一片光明！😁,致我最“喜欢”的易航同学，你真的很棒很优秀，不想夸你听话（感觉让人觉得很老实），训练很认真做事也很正经，讲到的事情能够一遍做好。所以这次我铁了心要让你去当标兵，去展现自己，因为你真的做的很好，希望你未来也要这样该出手时就出手，展现自己好不？希望你未来能够达到自己的目标，加油，我很看好你！
邹基文,训练认真，动作标准，希望你继续努力，不断进步，取得更好的成绩，加油！👍,邹同学很认真，但是好像总是沉默，希望你未来越来越好，越来越自信。
蒋广鹏,身姿挺拔，气宇轩昂，旗手非你莫属😎希望你在军训中也学到了很多宝贵的东西，继续保持哦，加油！🎉,很抱歉啊，让你去当了旗手，错过了和大家一起相处的时间，但结果看起来完成的很好嘛，希望你未来越来越好，心想事成！
李旭綦,你们三兄弟让我有些头疼哈，不过也带来了不少乐趣，要是没人动我管什么😁，头发总是要打报告在放进帽子，还算规矩，祝你生活愉快，天天开心！,三兄弟里面最有个性的那个，耳钉很特别哈，有个性不是件坏事，只是我们立场不同罢了，军训结束了，希望你未来越来越好吧！
罗超,虽然后面亲手把你送进了旗手营，但是看到你扛旗的样子我心里很高兴，希望这对你来说也是一段美好的回忆😁,旗手同志抱歉啊，让你也错过了和大家一起相处的时间，但是旗手方队老帅了，希望你未来越来越好，心想事成！
罗允泽,调皮捣蛋🥚，古灵精怪👻。希望你天天开心，学习进步，把你这份机灵劲用到学习上，那就更棒啦😉,你想三兄弟里面那个大哥，尽出主意那个，有个性蛮好的，希望你未来一切都好吧！
吴键峰,愿你有梦可栖，有光可追；愿你此去一路潇洒，看过的都成风景，一生自由又坦荡。,室友都在呼呼大睡，吴同学还能按时来好不容易嘞，那天打靶选拔也让我看到了你有那股劲，不争不抢很好的，但是该出手时就要出手，勇敢的人先享受时间，希望你未来也能够保持这种韧劲，祝你心想事成，天天开心，加油！
胡傲斌,虽然最后才来，但是态度很好，哈哈哈，值得点赞👍希望你以后一切顺利，前程似锦！,愿你此后皆有好事发生，前程明亮；愿你一路生花，所愿皆成，脚下的路越走越宽，遇见的人都善良。
龙吉杨,看起来彪悍，每次喊你都小声答应，在我面前没有卸下伪装哈。😄走路姿势很酷，就是走几步就不齐了，送你去示范连锻炼一下（狗头）,平常说话软软的，你竟然是抽烟打架纹身，我实在是难以想象你和这些东西挂钩。少跟莫明灏“鬼混”，抽烟被抓我还以为你是乖嘞没抽，没想到是徒手掐灭烟头的狠人，少抽点，祝你未来越来越好，万事如意！
吴哲,白白净净的，可惜不能在台下看你的表演，但是我相信你的节目一定很精彩！,愿你一直把热爱的事做下去；愿你心中有梦，脚下有路，往后的日子越来越好，前程似锦，所行皆坦。
